{
    "name": "Global Information",
    "numberOfRequests": {
        "total": 300,
        "ok": 0,
        "ko": 300
    },
    "minResponseTime": {
        "total": 30083,
        "ok": 0,
        "ko": 30083
    },
    "maxResponseTime": {
        "total": 30142,
        "ok": 0,
        "ko": 30142
    },
    "meanResponseTime": {
        "total": 30087,
        "ok": 0,
        "ko": 30087
    },
    "standardDeviation": {
        "total": 4,
        "ok": 0,
        "ko": 4
    },
    "percentiles1": {
        "total": 30087,
        "ok": 0,
        "ko": 30087
    },
    "percentiles2": {
        "total": 30088,
        "ok": 0,
        "ko": 30088
    },
    "percentiles3": {
        "total": 30092,
        "ok": 0,
        "ko": 30092
    },
    "percentiles4": {
        "total": 30097,
        "ok": 0,
        "ko": 30097
    },
    "group1": {
    "name": "t < 800 ms",
    "count": 0,
    "percentage": 0
},
    "group2": {
    "name": "800 ms < t < 1200 ms",
    "count": 0,
    "percentage": 0
},
    "group3": {
    "name": "t > 1200 ms",
    "count": 0,
    "percentage": 0
},
    "group4": {
    "name": "failed",
    "count": 300,
    "percentage": 100
},
    "meanNumberOfRequestsPerSecond": {
        "total": 4.918032786885246,
        "ok": 0,
        "ko": 4.918032786885246
    }
}